Workbook

Sheet Instructions
A1: Inventory Workbook Guide
A3: Sheet | B3: Purpose | C3: Primary Inputs | D3: Automated Outputs | E3: Portfolio Skill
A4: Dashboard | B4: Executive overview | C4: None | D4: KPIs and charts | E4: Dashboard design and reporting
A5: Products | B5: Product master and balances | C5: Product details and opening quantity | D5: Receipts, issues, on-hand quantity, reorder status | E5: Tables, formulas, validation
A6: Transactions | B6: Log stock movements | C6: Type, item, date, quantity, reference | D6: Item-name lookup and product balance updates | E6: Data entry controls and lookup formulas
A7: Purchase Orders | B7: Track replenishment | C7: Supplier, item, quantity, cost, dates, status | D7: Item lookup and extended cost | E7: Purchasing workflow
A8: Cycle Count | B8: Support physical counts | C8: Counted quantity, date, initials | D8: Variance | E8: Inventory control
A9: Suppliers | B9: Maintain supplier records | C9: Contact and terms | D9: Standardized supplier list | E9: Vendor data management
A12: How to Use
A13: 1. Enter and track products on the Products sheet. Enter product details, opening quantity, and reorder point.
A14: 2. Enter and track receipts, issues, and adjustments on the Transactions sheet. Product balances update automatically.
A15: 3. Enter and track purchase orders and receiving status on the Purchase Orders sheet.
A16: 4. Review the Dashboard
A17: 5. Review physical counts vs automatically updated inventory counts
A18: 6. Maintain reference data on Lists sheet.
A19: 7. Maintain supplier information on Suppliers sheet.
A20: 8. Use password ADMIN to unlock protected columns that are updated automatically.

Sheet Dashboard
A1: Inventory Management Dashboard
A4: Total Inventory Value | D4: Active Products | G4: Items to Reorder | J4: Open PO Value
A5: =TEXT(SUMPRODUCT(Products!$G$4:$G$103,Products!$M$4:$M$103),"$#,##0.00") -> $2,861.15 | D5: =TEXT(COUNTIF(Products!$A$4:$A$103,"<>"),"0") -> 8 | G5: =TEXT(COUNTIF(Products!$N$4:$N$103,"REORDER"),"0") -> 2 | J5: =TEXT(SUMIFS('Purchase Orders'!$K$4:$K$203,'Purchase Orders'!$I$4:$I$203,"<>Received",'Purchase Orders'!$K$4:$K$203,"<>Cancelled"),"$#,##0.00") -> $196.80
A9: Category | B9: Inventory Value | D9: Status | E9: Count
A10: Office Supplies | B10: {=SUMPRODUCT((Products!$C$4:$C$103=A10)*(Products!$G$4:$G$103)*(Products!$M$4:$M$103))} -> 1260.5 | D10: OK | E10: =COUNTIF(Products!$N$4:$N$103,D10) -> 6
A11: IT Equipment | B11: =SUMPRODUCT((Products!$C$4:$C$103=A11)*(Products!$G$4:$G$103)*(Products!$M$4:$M$103)) -> 523 | D11: REORDER | E11: =COUNTIF(Products!$N$4:$N$103,D11) -> 2
A12: Janitorial | B12: =SUMPRODUCT((Products!$C$4:$C$103=A12)*(Products!$G$4:$G$103)*(Products!$M$4:$M$103)) -> 847.05
A13: Breakroom | B13: =SUMPRODUCT((Products!$C$4:$C$103=A13)*(Products!$G$4:$G$103)*(Products!$M$4:$M$103)) -> 165
A14: Packaging | B14: =SUMPRODUCT((Products!$C$4:$C$103=A14)*(Products!$G$4:$G$103)*(Products!$M$4:$M$103)) -> 65.6
A17: Recent Transaction | B17: Type | C17: Item | D17: Date | E17: Quantity | F17: Reference
A18: =Transactions!A4 -> TXN0001 | B18: =Transactions!B4 -> Receipt | C18: =Transactions!D4 -> Copy Paper, Letter | D18: =Transactions!E4 -> 46235 | E18: =Transactions!F4 -> 10 | F18: =Transactions!G4 -> PO-1001
A19: =Transactions!A5 -> TXN0002 | B19: =Transactions!B5 -> Issue | C19: =Transactions!D5 -> Blue Ballpoint Pens | D19: =Transactions!E5 -> 46236 | E19: =Transactions!F5 -> 8 | F19: =Transactions!G5 -> REQ-2001
A20: =Transactions!A6 -> TXN0003 | B20: =Transactions!B6 -> Receipt | C20: =Transactions!D6 -> Wireless Mouse | D20: =Transactions!E6 -> 46237 | E20: =Transactions!F6 -> 6 | F20: =Transactions!G6 -> PO-1002
A21: =Transactions!A7 -> TXN0004 | B21: =Transactions!B7 -> Issue | C21: =Transactions!D7 -> Packing Tape | D21: =Transactions!E7 -> 46238 | E21: =Transactions!F7 -> 2 | F21: =Transactions!G7 -> SHIP-3001
A22: =Transactions!A8 -> TXN0005 | B22: =Transactions!B8 -> Adjustment - | C22: =Transactions!D8 -> All-Purpose Cleaner | D22: =Transactions!E8 -> 46239 | E22: =Transactions!F8 -> 1 | F22: =Transactions!G8 -> COUNT-01
A23: =Transactions!A9 -> TXN0006 | B23: =Transactions!B9 -> Issue | C23: =Transactions!D9 -> Coffee Pods | D23: =Transactions!E9 -> 46240 | E23: =Transactions!F9 -> 3 | F23: =Transactions!G9 -> REQ-2002

Sheet Products
A1: Product Master & Stock Status
A3: Item ID | B3: Item Name | C3: Category | D3: Supplier | E3: Unit | F3: Location | G3: Unit Cost | H3: Opening Qty | I3: Reorder Point | J3: Receipts | K3: Issues | L3: Adjustments | M3: Qty On Hand | N3: Status
A4: ITM1001 | B4: Copy Paper, Letter | C4: Office Supplies | D4: Apex Office Supply | E4: Case | F4: Main Warehouse | G4: 34.5 | H4: 24 | I4: 10 | J4: =IF(ProductsTable[[#This Row],[Unit Cost]]="","",SUMIFS(Transactions!F:F,Transactions!C:C,A4,Transactions!B:B,"Receipt")) -> 10 | K4: =IF(ProductsTable[[#This Row],[Unit Cost]]="","",SUMIFS(Transactions!F:F,Transactions!C:C,A4,Transactions!B:B,"Issue")) -> 0 | L4: =IF(ProductsTable[[#This Row],[Unit Cost]]="","",SUMIFS(Transactions!F:F,Transactions!C:C,A4,Transactions!B:B,"Adjustment +")-SUMIFS(Transactions!F:F,Transactions!C:C,A4,Transactions!B:B,"Adjustment -")) -> 0 | M4: =IF(ProductsTable[[#This Row],[Unit Cost]]<>"",H4+J4-K4+L4,ProductsTable[[#This Row],[Unit Cost]]) -> 34 | N4: =IF(A4="","",IF(M4<=ProductsTable[[#This Row],[Reorder Point]],"REORDER","OK")) -> OK
A5: ITM1002 | B5: Blue Ballpoint Pens | C5: Office Supplies | D5: Blue Ridge Wholesale | E5: Box | F5: Supply Closet | G5: 8.75 | H5: 18 | I5: 12 | J5: =IF(ProductsTable[[#This Row],[Unit Cost]]="","",SUMIFS(Transactions!F:F,Transactions!C:C,A5,Transactions!B:B,"Receipt")) -> 0 | K5: =IF(ProductsTable[[#This Row],[Unit Cost]]="","",SUMIFS(Transactions!F:F,Transactions!C:C,A5,Transactions!B:B,"Issue")) -> 8 | L5: =IF(ProductsTable[[#This Row],[Unit Cost]]="","",SUMIFS(Transactions!F:F,Transactions!C:C,A5,Transactions!B:B,"Adjustment +")-SUMIFS(Transactions!F:F,Transactions!C:C,A5,Transactions!B:B,"Adjustment -")) -> 0 | M5: =IF(ProductsTable[[#This Row],[Unit Cost]]<>"",H5+J5-K5+L5,ProductsTable[[#This Row],[Unit Cost]]) -> 10 | N5: =IF(A5="","",IF(M5<=ProductsTable[[#This Row],[Reorder Point]],"REORDER","OK")) -> REORDER
A6: ITM1003 | B6: USB Keyboard | C6: IT Equipment | D6: NorthStar Tech | E6: Each | F6: IT Storage | G6: 22 | H6: 12 | I6: 5 | J6: =IF(ProductsTable[[#This Row],[Unit Cost]]="","",SUMIFS(Transactions!F:F,Transactions!C:C,A6,Transactions!B:B,"Receipt")) -> 0 | K6: =IF(ProductsTable[[#This Row],[Unit Cost]]="","",SUMIFS(Transactions!F:F,Transactions!C:C,A6,Transactions!B:B,"Issue")) -> 0 | L6: =IF(ProductsTable[[#This Row],[Unit Cost]]="","",SUMIFS(Transactions!F:F,Transactions!C:C,A6,Transactions!B:B,"Adjustment +")-SUMIFS(Transactions!F:F,Transactions!C:C,A6,Transactions!B:B,"Adjustment -")) -> 0 | M6: =IF(ProductsTable[[#This Row],[Unit Cost]]<>"",H6+J6-K6+L6,ProductsTable[[#This Row],[Unit Cost]]) -> 12 | N6: =IF(A6="","",IF(M6<=ProductsTable[[#This Row],[Reorder Point]],"REORDER","OK")) -> OK
A7: ITM1004 | B7: Wireless Mouse | C7: IT Equipment | D7: NorthStar Tech | E7: Each | F7: IT Storage | G7: 18.5 | H7: 8 | I7: 6 | J7: =IF(ProductsTable[[#This Row],[Unit Cost]]="","",SUMIFS(Transactions!F:F,Transactions!C:C,A7,Transactions!B:B,"Receipt")) -> 6 | K7: =IF(ProductsTable[[#This Row],[Unit Cost]]="","",SUMIFS(Transactions!F:F,Transactions!C:C,A7,Transactions!B:B,"Issue")) -> 0 | L7: =IF(ProductsTable[[#This Row],[Unit Cost]]="","",SUMIFS(Transactions!F:F,Transactions!C:C,A7,Transactions!B:B,"Adjustment +")-SUMIFS(Transactions!F:F,Transactions!C:C,A7,Transactions!B:B,"Adjustment -")) -> 0 | M7: =IF(ProductsTable[[#This Row],[Unit Cost]]<>"",H7+J7-K7+L7,ProductsTable[[#This Row],[Unit Cost]]) -> 14 | N7: =IF(A7="","",IF(M7<=ProductsTable[[#This Row],[Reorder Point]],"REORDER","OK")) -> OK
A8: ITM1005 | B8: All-Purpose Cleaner | C8: Janitorial | D8: Green Valley Supply | E8: Case | F8: Main Warehouse | G8: 29.95 | H8: 10 | I8: 4 | J8: =IF(ProductsTable[[#This Row],[Unit Cost]]="","",SUMIFS(Transactions!F:F,Transactions!C:C,A8,Transactions!B:B,"Receipt")) -> 0 | K8: =IF(ProductsTable[[#This Row],[Unit Cost]]="","",SUMIFS(Transactions!F:F,Transactions!C:C,A8,Transactions!B:B,"Issue")) -> 0 | L8: =IF(ProductsTable[[#This Row],[Unit Cost]]="","",SUMIFS(Transactions!F:F,Transactions!C:C,A8,Transactions!B:B,"Adjustment +")-SUMIFS(Transactions!F:F,Transactions!C:C,A8,Transactions!B:B,"Adjustment -")) -> -1 | M8: =IF(ProductsTable[[#This Row],[Unit Cost]]<>"",H8+J8-K8+L8,ProductsTable[[#This Row],[Unit Cost]]) -> 9 | N8: =IF(A8="","",IF(M8<=ProductsTable[[#This Row],[Reorder Point]],"REORDER","OK")) -> OK
A9: ITM1006 | B9: Paper Towels | C9: Janitorial | D9: Green Valley Supply | E9: Case | F9: Main Warehouse | G9: 41.25 | H9: 14 | I9: 6 | J9: =IF(ProductsTable[[#This Row],[Unit Cost]]="","",SUMIFS(Transactions!F:F,Transactions!C:C,A9,Transactions!B:B,"Receipt")) -> 0 | K9: =IF(ProductsTable[[#This Row],[Unit Cost]]="","",SUMIFS(Transactions!F:F,Transactions!C:C,A9,Transactions!B:B,"Issue")) -> 0 | L9: =IF(ProductsTable[[#This Row],[Unit Cost]]="","",SUMIFS(Transactions!F:F,Transactions!C:C,A9,Transactions!B:B,"Adjustment +")-SUMIFS(Transactions!F:F,Transactions!C:C,A9,Transactions!B:B,"Adjustment -")) -> 0 | M9: =IF(ProductsTable[[#This Row],[Unit Cost]]<>"",H9+J9-K9+L9,ProductsTable[[#This Row],[Unit Cost]]) -> 14 | N9: =IF(A9="","",IF(M9<=ProductsTable[[#This Row],[Reorder Point]],"REORDER","OK")) -> OK
A10: ITM1007 | B10: Coffee Pods | C10: Breakroom | D10: Blue Ridge Wholesale | E10: Box | F10: Front Office | G10: 27.5 | H10: 9 | I10: 5 | J10: =IF(ProductsTable[[#This Row],[Unit Cost]]="","",SUMIFS(Transactions!F:F,Transactions!C:C,A10,Transactions!B:B,"Receipt")) -> 0 | K10: =IF(ProductsTable[[#This Row],[Unit Cost]]="","",SUMIFS(Transactions!F:F,Transactions!C:C,A10,Transactions!B:B,"Issue")) -> 3 | L10: =IF(ProductsTable[[#This Row],[Unit Cost]]="","",SUMIFS(Transactions!F:F,Transactions!C:C,A10,Transactions!B:B,"Adjustment +")-SUMIFS(Transactions!F:F,Transactions!C:C,A10,Transactions!B:B,"Adjustment -")) -> 0 | M10: =IF(ProductsTable[[#This Row],[Unit Cost]]<>"",H10+J10-K10+L10,ProductsTable[[#This Row],[Unit Cost]]) -> 6 | N10: =IF(A10="","",IF(M10<=ProductsTable[[#This Row],[Reorder Point]],"REORDER","OK")) -> OK
A11: ITM1008 | B11: Packing Tape | C11: Packaging | D11: Metro Packaging | E11: Pack | F11: Main Warehouse | G11: 16.4 | H11: 6 | I11: 8 | J11: =IF(ProductsTable[[#This Row],[Unit Cost]]="","",SUMIFS(Transactions!F:F,Transactions!C:C,A11,Transactions!B:B,"Receipt")) -> 0 | K11: =IF(ProductsTable[[#This Row],[Unit Cost]]="","",SUMIFS(Transactions!F:F,Transactions!C:C,A11,Transactions!B:B,"Issue")) -> 2 | L11: =IF(ProductsTable[[#This Row],[Unit Cost]]="","",SUMIFS(Transactions!F:F,Transactions!C:C,A11,Transactions!B:B,"Adjustment +")-SUMIFS(Transactions!F:F,Transactions!C:C,A11,Transactions!B:B,"Adjustment -")) -> 0 | M11: =IF(ProductsTable[[#This Row],[Unit Cost]]<>"",H11+J11-K11+L11,ProductsTable[[#This Row],[Unit Cost]]) -> 4 | N11: =IF(A11="","",IF(M11<=ProductsTable[[#This Row],[Reorder Point]],"REORDER","OK")) -> REORDER
J12: =IF(ProductsTable[[#This Row],[Unit Cost]]="","",SUMIFS(Transactions!F:F,Transactions!C:C,A12,Transactions!B:B,"Receipt")) | K12: =IF(ProductsTable[[#This Row],[Unit Cost]]="","",SUMIFS(Transactions!F:F,Transactions!C:C,A12,Transactions!B:B,"Issue")) | L12: =IF(ProductsTable[[#This Row],[Unit Cost]]="","",SUMIFS(Transactions!F:F,Transactions!C:C,A12,Transactions!B:B,"Adjustment +")-SUMIFS(Transactions!F:F,Transactions!C:C,A12,Transactions!B:B,"Adjustment -")) | M12: =IF(ProductsTable[[#This Row],[Unit Cost]]<>"",H12+J12-K12+L12,ProductsTable[[#This Row],[Unit Cost]]) -> 0 | N12: =IF(A12="","",IF(M12<=ProductsTable[[#This Row],[Reorder Point]],"REORDER","OK"))
J13: =IF(ProductsTable[[#This Row],[Unit Cost]]="","",SUMIFS(Transactions!F:F,Transactions!C:C,A13,Transactions!B:B,"Receipt")) | K13: =IF(ProductsTable[[#This Row],[Unit Cost]]="","",SUMIFS(Transactions!F:F,Transactions!C:C,A13,Transactions!B:B,"Issue")) | L13: =IF(ProductsTable[[#This Row],[Unit Cost]]="","",SUMIFS(Transactions!F:F,Transactions!C:C,A13,Transactions!B:B,"Adjustment +")-SUMIFS(Transactions!F:F,Transactions!C:C,A13,Transactions!B:B,"Adjustment -")) | M13: =IF(ProductsTable[[#This Row],[Unit Cost]]<>"",H13+J13-K13+L13,ProductsTable[[#This Row],[Unit Cost]]) -> 0 | N13: =IF(A13="","",IF(M13<=ProductsTable[[#This Row],[Reorder Point]],"REORDER","OK"))
J14: =IF(ProductsTable[[#This Row],[Unit Cost]]="","",SUMIFS(Transactions!F:F,Transactions!C:C,A14,Transactions!B:B,"Receipt")) | K14: =IF(ProductsTable[[#This Row],[Unit Cost]]="","",SUMIFS(Transactions!F:F,Transactions!C:C,A14,Transactions!B:B,"Issue")) | L14: =IF(ProductsTable[[#This Row],[Unit Cost]]="","",SUMIFS(Transactions!F:F,Transactions!C:C,A14,Transactions!B:B,"Adjustment +")-SUMIFS(Transactions!F:F,Transactions!C:C,A14,Transactions!B:B,"Adjustment -")) | M14: =IF(ProductsTable[[#This Row],[Unit Cost]]<>"",H14+J14-K14+L14,ProductsTable[[#This Row],[Unit Cost]]) -> 0 | N14: =IF(A14="","",IF(M14<=ProductsTable[[#This Row],[Reorder Point]],"REORDER","OK"))
J15: =IF(ProductsTable[[#This Row],[Unit Cost]]="","",SUMIFS(Transactions!F:F,Transactions!C:C,A15,Transactions!B:B,"Receipt")) | K15: =IF(ProductsTable[[#This Row],[Unit Cost]]="","",SUMIFS(Transactions!F:F,Transactions!C:C,A15,Transactions!B:B,"Issue")) | L15: =IF(ProductsTable[[#This Row],[Unit Cost]]="","",SUMIFS(Transactions!F:F,Transactions!C:C,A15,Transactions!B:B,"Adjustment +")-SUMIFS(Transactions!F:F,Transactions!C:C,A15,Transactions!B:B,"Adjustment -")) | M15: =IF(ProductsTable[[#This Row],[Unit Cost]]<>"",H15+J15-K15+L15,ProductsTable[[#This Row],[Unit Cost]]) -> 0 | N15: =IF(A15="","",IF(M15<=ProductsTable[[#This Row],[Reorder Point]],"REORDER","OK"))
J16: =IF(ProductsTable[[#This Row],[Unit Cost]]="","",SUMIFS(Transactions!F:F,Transactions!C:C,A16,Transactions!B:B,"Receipt")) | K16: =IF(ProductsTable[[#This Row],[Unit Cost]]="","",SUMIFS(Transactions!F:F,Transactions!C:C,A16,Transactions!B:B,"Issue")) | L16: =IF(ProductsTable[[#This Row],[Unit Cost]]="","",SUMIFS(Transactions!F:F,Transactions!C:C,A16,Transactions!B:B,"Adjustment +")-SUMIFS(Transactions!F:F,Transactions!C:C,A16,Transactions!B:B,"Adjustment -")) | M16: =IF(ProductsTable[[#This Row],[Unit Cost]]<>"",H16+J16-K16+L16,ProductsTable[[#This Row],[Unit Cost]]) -> 0 | N16: =IF(A16="","",IF(M16<=ProductsTable[[#This Row],[Reorder Point]],"REORDER","OK"))
J17: =IF(ProductsTable[[#This Row],[Unit Cost]]="","",SUMIFS(Transactions!F:F,Transactions!C:C,A17,Transactions!B:B,"Receipt")) | K17: =IF(ProductsTable[[#This Row],[Unit Cost]]="","",SUMIFS(Transactions!F:F,Transactions!C:C,A17,Transactions!B:B,"Issue")) | L17: =IF(ProductsTable[[#This Row],[Unit Cost]]="","",SUMIFS(Transactions!F:F,Transactions!C:C,A17,Transactions!B:B,"Adjustment +")-SUMIFS(Transactions!F:F,Transactions!C:C,A17,Transactions!B:B,"Adjustment -")) | M17: =IF(ProductsTable[[#This Row],[Unit Cost]]<>"",H17+J17-K17+L17,ProductsTable[[#This Row],[Unit Cost]]) -> 0 | N17: =IF(A17="","",IF(M17<=ProductsTable[[#This Row],[Reorder Point]],"REORDER","OK"))
J18: =IF(ProductsTable[[#This Row],[Unit Cost]]="","",SUMIFS(Transactions!F:F,Transactions!C:C,A18,Transactions!B:B,"Receipt")) | K18: =IF(ProductsTable[[#This Row],[Unit Cost]]="","",SUMIFS(Transactions!F:F,Transactions!C:C,A18,Transactions!B:B,"Issue")) | L18: =IF(ProductsTable[[#This Row],[Unit Cost]]="","",SUMIFS(Transactions!F:F,Transactions!C:C,A18,Transactions!B:B,"Adjustment +")-SUMIFS(Transactions!F:F,Transactions!C:C,A18,Transactions!B:B,"Adjustment -")) | M18: =IF(ProductsTable[[#This Row],[Unit Cost]]<>"",H18+J18-K18+L18,ProductsTable[[#This Row],[Unit Cost]]) -> 0 | N18: =IF(A18="","",IF(M18<=ProductsTable[[#This Row],[Reorder Point]],"REORDER","OK"))
J19: =IF(ProductsTable[[#This Row],[Unit Cost]]="","",SUMIFS(Transactions!F:F,Transactions!C:C,A19,Transactions!B:B,"Receipt")) | K19: =IF(ProductsTable[[#This Row],[Unit Cost]]="","",SUMIFS(Transactions!F:F,Transactions!C:C,A19,Transactions!B:B,"Issue")) | L19: =IF(ProductsTable[[#This Row],[Unit Cost]]="","",SUMIFS(Transactions!F:F,Transactions!C:C,A19,Transactions!B:B,"Adjustment +")-SUMIFS(Transactions!F:F,Transactions!C:C,A19,Transactions!B:B,"Adjustment -")) | M19: =IF(ProductsTable[[#This Row],[Unit Cost]]<>"",H19+J19-K19+L19,ProductsTable[[#This Row],[Unit Cost]]) -> 0 | N19: =IF(A19="","",IF(M19<=ProductsTable[[#This Row],[Reorder Point]],"REORDER","OK"))
J20: =IF(ProductsTable[[#This Row],[Unit Cost]]="","",SUMIFS(Transactions!F:F,Transactions!C:C,A20,Transactions!B:B,"Receipt")) | K20: =IF(ProductsTable[[#This Row],[Unit Cost]]="","",SUMIFS(Transactions!F:F,Transactions!C:C,A20,Transactions!B:B,"Issue")) | L20: =IF(ProductsTable[[#This Row],[Unit Cost]]="","",SUMIFS(Transactions!F:F,Transactions!C:C,A20,Transactions!B:B,"Adjustment +")-SUMIFS(Transactions!F:F,Transactions!C:C,A20,Transactions!B:B,"Adjustment -")) | M20: =IF(ProductsTable[[#This Row],[Unit Cost]]<>"",H20+J20-K20+L20,ProductsTable[[#This Row],[Unit Cost]]) -> 0 | N20: =IF(A20="","",IF(M20<=ProductsTable[[#This Row],[Reorder Point]],"REORDER","OK"))
J21: =IF(ProductsTable[[#This Row],[Unit Cost]]="","",SUMIFS(Transactions!F:F,Transactions!C:C,A21,Transactions!B:B,"Receipt")) | K21: =IF(ProductsTable[[#This Row],[Unit Cost]]="","",SUMIFS(Transactions!F:F,Transactions!C:C,A21,Transactions!B:B,"Issue")) | L21: =IF(ProductsTable[[#This Row],[Unit Cost]]="","",SUMIFS(Transactions!F:F,Transactions!C:C,A21,Transactions!B:B,"Adjustment +")-SUMIFS(Transactions!F:F,Transactions!C:C,A21,Transactions!B:B,"Adjustment -")) | M21: =IF(ProductsTable[[#This Row],[Unit Cost]]<>"",H21+J21-K21+L21,ProductsTable[[#This Row],[Unit Cost]]) -> 0 | N21: =IF(A21="","",IF(M21<=ProductsTable[[#This Row],[Reorder Point]],"REORDER","OK"))
J22: =IF(ProductsTable[[#This Row],[Unit Cost]]="","",SUMIFS(Transactions!F:F,Transactions!C:C,A22,Transactions!B:B,"Receipt")) | K22: =IF(ProductsTable[[#This Row],[Unit Cost]]="","",SUMIFS(Transactions!F:F,Transactions!C:C,A22,Transactions!B:B,"Issue")) | L22: =IF(ProductsTable[[#This Row],[Unit Cost]]="","",SUMIFS(Transactions!F:F,Transactions!C:C,A22,Transactions!B:B,"Adjustment +")-SUMIFS(Transactions!F:F,Transactions!C:C,A22,Transactions!B:B,"Adjustment -")) | M22: =IF(ProductsTable[[#This Row],[Unit Cost]]<>"",H22+J22-K22+L22,ProductsTable[[#This Row],[Unit Cost]]) -> 0 | N22: =IF(A22="","",IF(M22<=ProductsTable[[#This Row],[Reorder Point]],"REORDER","OK"))
J23: =IF(ProductsTable[[#This Row],[Unit Cost]]="","",SUMIFS(Transactions!F:F,Transactions!C:C,A23,Transactions!B:B,"Receipt")) | K23: =IF(ProductsTable[[#This Row],[Unit Cost]]="","",SUMIFS(Transactions!F:F,Transactions!C:C,A23,Transactions!B:B,"Issue")) | L23: =IF(ProductsTable[[#This Row],[Unit Cost]]="","",SUMIFS(Transactions!F:F,Transactions!C:C,A23,Transactions!B:B,"Adjustment +")-SUMIFS(Transactions!F:F,Transactions!C:C,A23,Transactions!B:B,"Adjustment -")) | M23: =IF(ProductsTable[[#This Row],[Unit Cost]]<>"",H23+J23-K23+L23,ProductsTable[[#This Row],[Unit Cost]]) -> 0 | N23: =IF(A23="","",IF(M23<=ProductsTable[[#This Row],[Reorder Point]],"REORDER","OK"))
... J103: =IF(ProductsTable[[#This Row],[Unit Cost]]="","",SUMIFS(Transactions!F:F,Transactions!C:C,A103,Transactions!B:B,"Receipt")) | K103: =IF(ProductsTable[[#This Row],[Unit Cost]]="","",SUMIFS(Transactions!F:F,Transactions!C:C,A103,Transactions!B:B,"Issue")) | L103: =IF(ProductsTable[[#This Row],[Unit Cost]]="","",SUMIFS(Transactions!F:F,Transactions!C:C,A103,Transactions!B:B,"Adjustment +")-SUMIFS(Transactions!F:F,Transactions!C:C,A103,Transactions!B:B,"Adjustment -")) | M103: =IF(ProductsTable[[#This Row],[Unit Cost]]<>"",H103+J103-K103+L103,ProductsTable[[#This Row],[Unit Cost]]) -> 0 | N103: =IF(A103="","",IF(M103<=ProductsTable[[#This Row],[Reorder Point]],"REORDER","OK"))

Sheet Transactions
A1: Inventory Transactions
A3: Transaction ID | B3: Type | C3: Item ID | D3: Item Name | E3: Date | F3: Quantity | G3: Reference | H3: Location | I3: Entered By
A4: TXN0001 | B4: Receipt | C4: ITM1001 | D4: =IFERROR(VLOOKUP(C4,Products!$A$4:$B$103,2,FALSE),"") -> Copy Paper, Letter | E4: 46235 | F4: 10 | G4: PO-1001 | H4: Main Warehouse | I4: FLastName
A5: TXN0002 | B5: Issue | C5: ITM1002 | D5: =IFERROR(VLOOKUP(C5,Products!$A$4:$B$103,2,FALSE),"") -> Blue Ballpoint Pens | E5: 46236 | F5: 8 | G5: REQ-2001 | H5: Supply Closet | I5: FLastName
A6: TXN0003 | B6: Receipt | C6: ITM1004 | D6: =IFERROR(VLOOKUP(C6,Products!$A$4:$B$103,2,FALSE),"") -> Wireless Mouse | E6: 46237 | F6: 6 | G6: PO-1002 | H6: IT Storage | I6: FLastName
A7: TXN0004 | B7: Issue | C7: ITM1008 | D7: =IFERROR(VLOOKUP(C7,Products!$A$4:$B$103,2,FALSE),"") -> Packing Tape | E7: 46238 | F7: 2 | G7: SHIP-3001 | H7: Main Warehouse | I7: FLastName
A8: TXN0005 | B8: Adjustment - | C8: ITM1005 | D8: =IFERROR(VLOOKUP(C8,Products!$A$4:$B$103,2,FALSE),"") -> All-Purpose Cleaner | E8: 46239 | F8: 1 | G8: COUNT-01 | H8: Main Warehouse | I8: FLastName
A9: TXN0006 | B9: Issue | C9: ITM1007 | D9: =IFERROR(VLOOKUP(C9,Products!$A$4:$B$103,2,FALSE),"") -> Coffee Pods | E9: 46240 | F9: 3 | G9: REQ-2002 | H9: Front Office | I9: FLastName
D10: =IFERROR(VLOOKUP(C10,Products!$A$4:$B$103,2,FALSE),"")
D11: =IFERROR(VLOOKUP(C11,Products!$A$4:$B$103,2,FALSE),"")
D12: =IFERROR(VLOOKUP(C12,Products!$A$4:$B$103,2,FALSE),"")
D13: =IFERROR(VLOOKUP(C13,Products!$A$4:$B$103,2,FALSE),"")
D14: =IFERROR(VLOOKUP(C14,Products!$A$4:$B$103,2,FALSE),"")
D15: =IFERROR(VLOOKUP(C15,Products!$A$4:$B$103,2,FALSE),"")
D16: =IFERROR(VLOOKUP(C16,Products!$A$4:$B$103,2,FALSE),"")
D17: =IFERROR(VLOOKUP(C17,Products!$A$4:$B$103,2,FALSE),"")
D18: =IFERROR(VLOOKUP(C18,Products!$A$4:$B$103,2,FALSE),"")
D19: =IFERROR(VLOOKUP(C19,Products!$A$4:$B$103,2,FALSE),"")
D20: =IFERROR(VLOOKUP(C20,Products!$A$4:$B$103,2,FALSE),"")
D21: =IFERROR(VLOOKUP(C21,Products!$A$4:$B$103,2,FALSE),"")
... D486: =IFERROR(VLOOKUP(C486,Products!$A$4:$B$103,2,FALSE),"")

Sheet Purchase Orders
A1: Purchase Order Tracker
A3: PO Number | B3: Order Date | C3: Supplier | D3: Item ID | E3: Item Name | F3: Qty Ordered | G3: Expected Date | H3: Qty Received | I3: Status | J3: Unit Cost | K3: Extended Cost
A4: PO-1001 | B4: 46232 | C4: Apex Office Supply | D4: ITM1001 | E4: =IFERROR(VLOOKUP(D4,Products!$A$4:$B$103,2,FALSE),"") -> Copy Paper, Letter | F4: 10 | G4: 46235 | H4: 10 | I4: Received | J4: 34.5 | K4: =IF(OR(F4="",J4=""),"",F4*J4) -> 345
A5: PO-1002 | B5: 46233 | C5: NorthStar Tech | D5: ITM1004 | E5: =IFERROR(VLOOKUP(D5,Products!$A$4:$B$103,2,FALSE),"") -> Wireless Mouse | F5: 6 | G5: 46237 | H5: 6 | I5: Received | J5: 18.5 | K5: =IF(OR(F5="",J5=""),"",F5*J5) -> 111
A6: PO-1003 | B6: 46239 | C6: Metro Packaging | D6: ITM1008 | E6: =IFERROR(VLOOKUP(D6,Products!$A$4:$B$103,2,FALSE),"") -> Packing Tape | F6: 12 | G6: 46246 | H6: 0 | I6: Ordered | J6: 16.4 | K6: =IF(OR(F6="",J6=""),"",F6*J6) -> 196.8
E7: =IFERROR(VLOOKUP(D7,Products!$A$4:$B$103,2,FALSE),"") | K7: =IF(OR(F7="",J7=""),"",F7*J7)
E8: =IFERROR(VLOOKUP(D8,Products!$A$4:$B$103,2,FALSE),"") | K8: =IF(OR(F8="",J8=""),"",F8*J8)
E9: =IFERROR(VLOOKUP(D9,Products!$A$4:$B$103,2,FALSE),"") | K9: =IF(OR(F9="",J9=""),"",F9*J9)
E10: =IFERROR(VLOOKUP(D10,Products!$A$4:$B$103,2,FALSE),"") | K10: =IF(OR(F10="",J10=""),"",F10*J10)
E11: =IFERROR(VLOOKUP(D11,Products!$A$4:$B$103,2,FALSE),"") | K11: =IF(OR(F11="",J11=""),"",F11*J11)
E12: =IFERROR(VLOOKUP(D12,Products!$A$4:$B$103,2,FALSE),"") | K12: =IF(OR(F12="",J12=""),"",F12*J12)
E13: =IFERROR(VLOOKUP(D13,Products!$A$4:$B$103,2,FALSE),"") | K13: =IF(OR(F13="",J13=""),"",F13*J13)
E14: =IFERROR(VLOOKUP(D14,Products!$A$4:$B$103,2,FALSE),"") | K14: =IF(OR(F14="",J14=""),"",F14*J14)
E15: =IFERROR(VLOOKUP(D15,Products!$A$4:$B$103,2,FALSE),"") | K15: =IF(OR(F15="",J15=""),"",F15*J15)
E16: =IFERROR(VLOOKUP(D16,Products!$A$4:$B$103,2,FALSE),"") | K16: =IF(OR(F16="",J16=""),"",F16*J16)
E17: =IFERROR(VLOOKUP(D17,Products!$A$4:$B$103,2,FALSE),"") | K17: =IF(OR(F17="",J17=""),"",F17*J17)
E18: =IFERROR(VLOOKUP(D18,Products!$A$4:$B$103,2,FALSE),"") | K18: =IF(OR(F18="",J18=""),"",F18*J18)
... E203: =IFERROR(VLOOKUP(D203,Products!$A$4:$B$103,2,FALSE),"") | K203: =IF(OR(F203="",J203=""),"",F203*J203)

Sheet Inventory Count
A1: Inventory Count
A3: Item ID | B3: Item Name | C3: Location | D3: System Qty | E3: Count Date | F3: Initials | G3: Counted Qty | H3: Variance
A4: =IF(Products!A4="","",Products!A4) -> ITM1001 | B4: =IF(Products!B4="","",Products!B4) -> Copy Paper, Letter | C4: =IF(Products!F4="","",Products!F4) -> Main Warehouse | D4: =IF(A4="","",Products!M4) -> 34 | E4: 46204 | F4: FLN | G4: 34 | H4: =IF(G4="","",G4-D4) -> 0
A5: =IF(Products!A5="","",Products!A5) -> ITM1002 | B5: =IF(Products!B5="","",Products!B5) -> Blue Ballpoint Pens | C5: =IF(Products!F5="","",Products!F5) -> Supply Closet | D5: =IF(A5="","",Products!M5) -> 10 | E5: 46204 | F5: FLN | G5: 8 | H5: =IF(G5="","",G5-D5) -> -2
A6: =IF(Products!A6="","",Products!A6) -> ITM1003 | B6: =IF(Products!B6="","",Products!B6) -> USB Keyboard | C6: =IF(Products!F6="","",Products!F6) -> IT Storage | D6: =IF(A6="","",Products!M6) -> 12 | E6: 46204 | F6: FLN | G6: 12 | H6: =IF(G6="","",G6-D6) -> 0
A7: =IF(Products!A7="","",Products!A7) -> ITM1004 | B7: =IF(Products!B7="","",Products!B7) -> Wireless Mouse | C7: =IF(Products!F7="","",Products!F7) -> IT Storage | D7: =IF(A7="","",Products!M7) -> 14 | E7: 46204 | F7: FLN | G7: 14 | H7: =IF(G7="","",G7-D7) -> 0
A8: =IF(Products!A8="","",Products!A8) -> ITM1005 | B8: =IF(Products!B8="","",Products!B8) -> All-Purpose Cleaner | C8: =IF(Products!F8="","",Products!F8) -> Main Warehouse | D8: =IF(A8="","",Products!M8) -> 9 | E8: 46204 | F8: FLN | G8: 9 | H8: =IF(G8="","",G8-D8) -> 0
A9: =IF(Products!A9="","",Products!A9) -> ITM1006 | B9: =IF(Products!B9="","",Products!B9) -> Paper Towels | C9: =IF(Products!F9="","",Products!F9) -> Main Warehouse | D9: =IF(A9="","",Products!M9) -> 14 | E9: 46204 | F9: FLN | G9: 0 | H9: =IF(G9="","",G9-D9) -> -14
A10: =IF(Products!A10="","",Products!A10) -> ITM1007 | B10: =IF(Products!B10="","",Products!B10) -> Coffee Pods | C10: =IF(Products!F10="","",Products!F10) -> Front Office | D10: =IF(A10="","",Products!M10) -> 6 | E10: 46204 | F10: FLN | G10: 6 | H10: =IF(G10="","",G10-D10) -> 0
A11: =IF(Products!A11="","",Products!A11) -> ITM1008 | B11: =IF(Products!B11="","",Products!B11) -> Packing Tape | C11: =IF(Products!F11="","",Products!F11) -> Main Warehouse | D11: =IF(A11="","",Products!M11) -> 4 | E11: 46204 | F11: FLN | G11: 5 | H11: =IF(G11="","",G11-D11) -> 1
A12: =IF(Products!A12="","",Products!A12) | B12: =IF(Products!B12="","",Products!B12) | C12: =IF(Products!F12="","",Products!F12) | D12: =IF(A12="","",Products!M12) | H12: =IF(G12="","",G12-D12)
A13: =IF(Products!A13="","",Products!A13) | B13: =IF(Products!B13="","",Products!B13) | C13: =IF(Products!F13="","",Products!F13) | D13: =IF(A13="","",Products!M13) | H13: =IF(G13="","",G13-D13)
A14: =IF(Products!A14="","",Products!A14) | B14: =IF(Products!B14="","",Products!B14) | C14: =IF(Products!F14="","",Products!F14) | D14: =IF(A14="","",Products!M14) | H14: =IF(G14="","",G14-D14)
A15: =IF(Products!A15="","",Products!A15) | B15: =IF(Products!B15="","",Products!B15) | C15: =IF(Products!F15="","",Products!F15) | D15: =IF(A15="","",Products!M15) | H15: =IF(G15="","",G15-D15)
A16: =IF(Products!A16="","",Products!A16) | B16: =IF(Products!B16="","",Products!B16) | C16: =IF(Products!F16="","",Products!F16) | D16: =IF(A16="","",Products!M16) | H16: =IF(G16="","",G16-D16)
A17: =IF(Products!A17="","",Products!A17) | B17: =IF(Products!B17="","",Products!B17) | C17: =IF(Products!F17="","",Products!F17) | D17: =IF(A17="","",Products!M17) | H17: =IF(G17="","",G17-D17)
A18: =IF(Products!A18="","",Products!A18) | B18: =IF(Products!B18="","",Products!B18) | C18: =IF(Products!F18="","",Products!F18) | D18: =IF(A18="","",Products!M18) | H18: =IF(G18="","",G18-D18)
A19: =IF(Products!A19="","",Products!A19) | B19: =IF(Products!B19="","",Products!B19) | C19: =IF(Products!F19="","",Products!F19) | D19: =IF(A19="","",Products!M19) | H19: =IF(G19="","",G19-D19)
A20: =IF(Products!A20="","",Products!A20) | B20: =IF(Products!B20="","",Products!B20) | C20: =IF(Products!F20="","",Products!F20) | D20: =IF(A20="","",Products!M20) | H20: =IF(G20="","",G20-D20)
A21: =IF(Products!A21="","",Products!A21) | B21: =IF(Products!B21="","",Products!B21) | C21: =IF(Products!F21="","",Products!F21) | D21: =IF(A21="","",Products!M21) | H21: =IF(G21="","",G21-D21)
A22: =IF(Products!A22="","",Products!A22) | B22: =IF(Products!B22="","",Products!B22) | C22: =IF(Products!F22="","",Products!F22) | D22: =IF(A22="","",Products!M22) | H22: =IF(G22="","",G22-D22)
A23: =IF(Products!A23="","",Products!A23) | B23: =IF(Products!B23="","",Products!B23) | C23: =IF(Products!F23="","",Products!F23) | D23: =IF(A23="","",Products!M23) | H23: =IF(G23="","",G23-D23)
... A103: =IF(Products!A103="","",Products!A103) | B103: =IF(Products!B103="","",Products!B103) | C103: =IF(Products!F103="","",Products!F103) | D103: =IF(A103="","",Products!M103) | H103: =IF(G103="","",G103-D103)

Sheet Lists
A1: Reference Lists
A3: Categories | B3: Suppliers | C3: Transaction Types | D3: PO Status | E3: Units | F3: Locations
A4: Office Supplies | B4: Apex Office Supply | C4: Receipt | D4: Draft | E4: Each | F4: Main Warehouse
A5: IT Equipment | B5: NorthStar Tech | C5: Issue | D5: Ordered | E5: Box | F5: Front Office
A6: Janitorial | B6: Green Valley Supply | C6: Adjustment + | D6: Partially Received | E6: Case | F6: IT Storage
A7: Breakroom | B7: Blue Ridge Wholesale | C7: Adjustment - | D7: Received | E7: Pack | F7: Supply Closet
A8: Packaging | B8: Metro Packaging | D8: Cancelled | E8: Roll

Sheet Suppliers
A1: Supplier Master
A3: Supplier ID | B3: Supplier Name | C3: Contact | D3: Phone | E3: Email | F3: Terms | G3: Active | H3: Notes
A4: SUP001 | B4: Apex Office Supply | C4: Mia Carter | D4: 770-555-0181 | E4: orders@apexoffice.com | F4: Net 30 | G4: Yes | H4: Primary office supplier
A5: SUP002 | B5: NorthStar Tech | C5: Daniel Lee | D5: 404-555-0194 | E5: sales@northstartech.com | F5: Net 30 | G5: Yes | H5: Computers and peripherals
A6: SUP003 | B6: Green Valley Supply | C6: Ava Brooks | D6: 678-555-0152 | E6: service@greenvalleysupply.com | F6: Net 15 | G6: Yes | H6: Janitorial supplies
A7: SUP004 | B7: Blue Ridge Wholesale | C7: Noah Bennett | D7: 706-555-0136 | E7: orders@blueridgewholesale.com | F7: Net 30 | G7: Yes | H7: General merchandise
A8: SUP005 | B8: Metro Packaging | C8: Olivia Reed | D8: 470-555-0175 | E8: support@metropackaging.com | F8: Net 30 | G8: Yes | H8: Packaging materials
